Brand,Product Description,Volume (cu ft),Weight (lbs),Item Type,Size Category,Load Time (min),Unload Time (min)
Aero Wood Round Dining Table,30'' Bistro Table,12.27,31,DiningTable,Large,3,5
Aero Wood Round Dining Table,36'' Bistro Table,17.67,51,DiningTable,Large,3,5
Aero Wood Round Dining Table,42'' Bistro Table,24.05,57,DiningTable,Large,3,5
Aero Wood Round Dining Table,50'' Bistro Table,33.52,72,DiningTable,Large,3,5
Arno Fabric Bar & Counter Stool,Barstool 40 1/4'' H,9.18,20,Chair,Small,1,2
Arno Fabric Bar & Counter Stool,Counter Stool 36 1/4'' H,8.27,19,Chair,Small,1,2
Arno Fabric Dining Armchair,Dining Armchair,8.45,17,Chair,Small,1,2
Arno Fabric Dining Armchair,Dining Chair,8.45,17,Chair,Small,1,2
Arno Vegan Leather Dining Side Chair,Dining Side Chair,7.87,15,Chair,Small,1,2
Aurelie Fabric Dining Side Chair,Dining Side Chair,7.08,36,Chair,Small,1,2
Byron Canopy Bed,Cal King Bed 102'',414.38,507,Bed,Large,6,8
Byron Canopy Bed,Cal King Bed 90'',365.62,475,Bed,Large,6,8
Byron Canopy Bed,King Bed 102'',416.26,510,Bed,Large,6,8
Byron Canopy Bed,King Bed 90'',367.29,480,Bed,Large,6,8
Byron Emperador Dining Table,72'' Dining Table,50,462,DiningTable,Large,3,5
Byron Emperador Dining Table,84'' Dining Table,58.33,512,DiningTable,Large,3,5
Byron Emperador Dining Table,96'' Dining Table,66.67,484,DiningTable,Large,3,5
Kyoto Closed Nightstand,18'' Nightstand,4.12,33,Nightstand,Small,1.5,2.5
Kyoto Closed Nightstand,22'' Nightstand,5.04,41,Nightstand,Small,1.5,2.5
Kyoto Closed Nightstand,26'' Nightstand,6.5,52,Nightstand,Small,1.5,2.5
Kyoto Closed Nightstand,32'' Nightstand,8,64,Nightstand,Small,1.5,2.5
Ligné Panel Bed with Footboard,Cal King Bed,224.36,449,Bed,Large,6,8
Ligné Panel Bed with Footboard,King Bed,225.66,458,Bed,Large,6,8
Ligné Panel Bed with Footboard,Queen Bed,180.81,398,Bed,Large,6,8
Maxwell Leather Right-Arm Bench-Seat L-Sectional,Classic 72'' Sectional,56.67,397,Sofa,Large,2.5,4
Maxwell Leather Right-Arm Bench-Seat L-Sectional,Classic 96'' Sectional,75.56,529,Sofa,Large,2.5,4
Maxwell Leather Right-Arm Bench-Seat L-Sectional,Luxe 108'' Sectional,97.75,684,Sofa,Large,2.5,4
Maxwell Leather Right-Arm Bench-Seat L-Sectional,Luxe 12'' Sectional,108.67,761,Sofa,Large,2.5,4
Maxwell Leather Sofa,Classic 6' Sofa,56.67,453,Sofa,Large,2.5,4
Maxwell Leather Sofa,Classic 8' Sofa,75.56,604,Sofa,Large,2.5,4
Maxwell Leather Sofa,Luxe 7' Sofa,86.89,608,Sofa,Large,2.5,4
Maxwell Leather Sofa,Luxe 9' Sofa,97.75,648,Sofa,Large,2.5,4
Melbourne Bar Cabinet,Bar Cabinet,17.5,211,Cabinet,Large,4,12
Mycena Obelisk Stone Table Lamp,19'' Lamp,2.31,15,Lamp,Small,1.5,2
Mycena Obelisk Stone Table Lamp,24'' Lamp,4.5,29,Lamp,Small,1.5,2
Nicola Track Vegan Leather Dining Side Chair,Dining Chair,9.25,16,Chair,Small,1,2
Nicola Track Vegan Leather Dining Side Chair,Dining Side Chair,9.25,16,Chair,Small,1,2
Noemi Torchiere Floor Lamp,Burnished Brass,7.18,21,Lamp,Small,1.5,2
Orizaba Rectangular Fire Table,56'' W Fire Table,16.33,325,FireTable,Large,3,5
Orizaba Rectangular Fire Table,72'' W Fire Table,21,345,FireTable,Large,3,5
Reclaimed Oak Reeded Round Dining Table,48'' Table,31.42,306,DiningTable,Large,3,5
Reclaimed Oak Reeded Round Dining Table,60'' Table,49.09,384,DiningTable,Large,3,5
Reclaimed Oak Reeded Round Dining Table,72'' Table,70.69,438,DiningTable,Large,3,5
Terreno Wall Fountain 22'',Carbon Fountain,10.72,23,Cabinet,Large,4,12
Thaddeus Curved Leather Dining Armchair,Dining Armchair,7.18,40,Chair,Small,1,2
