Customer ID,Brand,Product Description,Quantity
CUST1946,Byron Emperador Dining Table,72'' Dining Table,1
CUST1946,Arno Fabric Dining Armchair,Dining Chair,4
CUST1946,Aero Wood Round Dining Table,30'' Bistro Table,1
CUST1946,Nicola Track Vegan Leather Dining Side Chair,Dining Chair,4
CUST1946,Byron Emperador Dining Table,84'' Dining Table,1
CUST1946,Arno Fabric Dining Armchair,Dining Chair,8
CUST1946,Ligné Panel Bed with Footboard,Queen Bed,3
CUST1946,Maxwell Leather Right-Arm Bench-Seat L-Sectional,Luxe 108'' Sectional,1
CUST1946,Thaddeus Curved Leather Dining Armchair,Dining Armchair,1
CUST1946,Orizaba Rectangular Fire Table,56'' W Fire Table,2
CUST1946,Nicola Track Vegan Leather Dining Side Chair,Dining Side Chair,2
CUST1946,Byron Canopy Bed,Cal King Bed 90'',1
CUST1946,Orizaba Rectangular Fire Table,72'' W Fire Table,2
CUST1946,Mycena Obelisk Stone Table Lamp,19'' Lamp,3
CUST1946,Arno Fabric Dining Armchair,Dining Armchair,2
CUST1946,Ligné Panel Bed with Footboard,King Bed,3
CUST1946,Maxwell Leather Sofa,Luxe 9' Sofa,2
CUST1946,Kyoto Closed Nightstand,32'' Nightstand,2
CUST1946,Kyoto Closed Nightstand,22'' Nightstand,1
CUST7395,Reclaimed Oak Reeded Round Dining Table,60'' Table,1
CUST7395,Nicola Track Vegan Leather Dining Side Chair,Dining Chair,6
CUST7395,Byron Emperador Dining Table,72'' Dining Table,1
CUST7395,Arno Fabric Dining Armchair,Dining Chair,4
CUST7395,Maxwell Leather Right-Arm Bench-Seat L-Sectional,Luxe 12'' Sectional,2
CUST2508,Aero Wood Round Dining Table,42'' Bistro Table,1
CUST2508,Nicola Track Vegan Leather Dining Side Chair,Dining Chair,4
CUST2508,Aero Wood Round Dining Table,50'' Bistro Table,1
CUST2508,Nicola Track Vegan Leather Dining Side Chair,Dining Chair,4
CUST2508,Reclaimed Oak Reeded Round Dining Table,72'' Table,1
CUST2508,Nicola Track Vegan Leather Dining Side Chair,Dining Chair,8
CUST3301,Byron Emperador Dining Table,72'' Dining Table,1
CUST3301,Arno Fabric Dining Armchair,Dining Chair,4
CUST3301,Noemi Torchiere Floor Lamp,Burnished Brass,1
CUST3301,Orizaba Rectangular Fire Table,72'' W Fire Table,2
CUST3301,Terreno Wall Fountain 22'',Carbon Fountain,2
CUST3301,Mycena Obelisk Stone Table Lamp,19'' Lamp,1
CUST3301,Maxwell Leather Right-Arm Bench-Seat L-Sectional,Luxe 12'' Sectional,3
CUST3301,Aurelie Fabric Dining Side Chair,Dining Side Chair,2
CUST3301,Nicola Track Vegan Leather Dining Side Chair,Dining Side Chair,2
CUST3301,Kyoto Closed Nightstand,18'' Nightstand,1
CUST3301,Arno Fabric Bar & Counter Stool,Barstool 40 1/4'' H,3
CUST3301,Arno Fabric Dining Armchair,Dining Armchair,1
CUST3301,Thaddeus Curved Leather Dining Armchair,Dining Armchair,2
CUST3301,Byron Canopy Bed,King Bed 102'',2
CUST3301,Ligné Panel Bed with Footboard,Cal King Bed,1
CUST3301,Maxwell Leather Right-Arm Bench-Seat L-Sectional,Classic 96'' Sectional,1
CUST3301,Byron Canopy Bed,Cal King Bed 102'',3
CUST3301,Byron Canopy Bed,Cal King Bed 90'',2
CUST3301,Maxwell Leather Sofa,Luxe 9' Sofa,3
CUST2424,Byron Emperador Dining Table,84'' Dining Table,1
CUST2424,Arno Fabric Dining Armchair,Dining Chair,8
CUST2424,Arno Fabric Bar & Counter Stool,Barstool 40 1/4'' H,1
CUST2424,Byron Canopy Bed,Cal King Bed 90'',2
CUST2424,Thaddeus Curved Leather Dining Armchair,Dining Armchair,3
CUST2424,Arno Fabric Dining Armchair,Dining Armchair,1
CUST2424,Kyoto Closed Nightstand,26'' Nightstand,3
CUST2424,Byron Canopy Bed,King Bed 90'',1
CUST2424,Kyoto Closed Nightstand,22'' Nightstand,1
CUST2424,Arno Fabric Bar & Counter Stool,Counter Stool 36 1/4'' H,2
CUST6699,Reclaimed Oak Reeded Round Dining Table,48'' Table,1
CUST6699,Nicola Track Vegan Leather Dining Side Chair,Dining Chair,4
CUST6699,Byron Emperador Dining Table,96'' Dining Table,1
CUST6699,Arno Fabric Dining Armchair,Dining Chair,8
CUST6699,Maxwell Leather Right-Arm Bench-Seat L-Sectional,Classic 72'' Sectional,2
CUST6699,Maxwell Leather Sofa,Classic 8' Sofa,3
CUST6699,Melbourne Bar Cabinet,Bar Cabinet,2
CUST6699,Byron Canopy Bed,Cal King Bed 102'',2
CUST6699,Thaddeus Curved Leather Dining Armchair,Dining Armchair,3
CUST6699,Ligné Panel Bed with Footboard,Cal King Bed,2
CUST6699,Ligné Panel Bed with Footboard,Queen Bed,2
CUST6699,Terreno Wall Fountain 22'',Carbon Fountain,3
CUST6699,Maxwell Leather Sofa,Luxe 7' Sofa,3
CUST6699,Maxwell Leather Sofa,Luxe 9' Sofa,1
CUST6699,Arno Vegan Leather Dining Side Chair,Dining Side Chair,2
CUST6699,Arno Fabric Bar & Counter Stool,Counter Stool 36 1/4'' H,2
CUST6699,Orizaba Rectangular Fire Table,56'' W Fire Table,1
CUST6699,Maxwell Leather Right-Arm Bench-Seat L-Sectional,Classic 96'' Sectional,3
CUST6699,Arno Fabric Dining Armchair,Dining Armchair,2
CUST6699,Byron Canopy Bed,Cal King Bed 90'',1
CUST9119,Aero Wood Round Dining Table,30'' Bistro Table,1
CUST9119,Nicola Track Vegan Leather Dining Side Chair,Dining Chair,4
CUST9119,Kyoto Closed Nightstand,26'' Nightstand,2
CUST9119,Ligné Panel Bed with Footboard,Cal King Bed,1
CUST9119,Arno Fabric Bar & Counter Stool,Barstool 40 1/4'' H,3
CUST9119,Ligné Panel Bed with Footboard,Queen Bed,1
CUST9119,Byron Canopy Bed,King Bed 90'',1
CUST9119,Aurelie Fabric Dining Side Chair,Dining Side Chair,2
CUST9119,Maxwell Leather Right-Arm Bench-Seat L-Sectional,Luxe 12'' Sectional,2
CUST9119,Maxwell Leather Sofa,Luxe 7' Sofa,2
CUST9119,Orizaba Rectangular Fire Table,72'' W Fire Table,3
CUST9119,Maxwell Leather Right-Arm Bench-Seat L-Sectional,Classic 96'' Sectional,2
CUST1699,Aero Wood Round Dining Table,30'' Bistro Table,1
CUST1699,Nicola Track Vegan Leather Dining Side Chair,Dining Chair,4
CUST1699,Reclaimed Oak Reeded Round Dining Table,60'' Table,1
CUST1699,Nicola Track Vegan Leather Dining Side Chair,Dining Chair,6
CUST1699,Thaddeus Curved Leather Dining Armchair,Dining Armchair,2
CUST1699,Maxwell Leather Right-Arm Bench-Seat L-Sectional,Luxe 108'' Sectional,2
CUST1699,Arno Fabric Bar & Counter Stool,Counter Stool 36 1/4'' H,3
CUST1699,Arno Fabric Dining Armchair,Dining Armchair,3
CUST1699,Kyoto Closed Nightstand,26'' Nightstand,3
CUST1699,Arno Vegan Leather Dining Side Chair,Dining Side Chair,2
CUST1699,Mycena Obelisk Stone Table Lamp,24'' Lamp,3
CUST1699,Kyoto Closed Nightstand,32'' Nightstand,1
CUST1699,Orizaba Rectangular Fire Table,72'' W Fire Table,3
CUST1699,Maxwell Leather Right-Arm Bench-Seat L-Sectional,Classic 96'' Sectional,2
CUST1699,Maxwell Leather Sofa,Classic 8' Sofa,2
CUST1699,Maxwell Leather Sofa,Luxe 7' Sofa,3
CUST1699,Byron Canopy Bed,King Bed 90'',3
CUST6536,Byron Emperador Dining Table,96'' Dining Table,1
CUST6536,Arno Fabric Dining Armchair,Dining Chair,8
CUST6536,Reclaimed Oak Reeded Round Dining Table,72'' Table,1
CUST6536,Nicola Track Vegan Leather Dining Side Chair,Dining Chair,8
CUST6536,Arno Fabric Bar & Counter Stool,Counter Stool 36 1/4'' H,2
CUST6536,Kyoto Closed Nightstand,22'' Nightstand,3
CUST6536,Ligné Panel Bed with Footboard,Cal King Bed,2
CUST6536,Byron Canopy Bed,Cal King Bed 90'',2
CUST6536,Maxwell Leather Sofa,Classic 6' Sofa,1
CUST6536,Kyoto Closed Nightstand,32'' Nightstand,2
CUST6536,Arno Fabric Bar & Counter Stool,Barstool 40 1/4'' H,2
CUST6536,Byron Canopy Bed,King Bed 102'',3
CUST6536,Terreno Wall Fountain 22'',Carbon Fountain,1
CUST6536,Ligné Panel Bed with Footboard,King Bed,3
CUST6536,Maxwell Leather Sofa,Classic 8' Sofa,2
CUST9189,Byron Emperador Dining Table,96'' Dining Table,1
CUST9189,Arno Fabric Dining Armchair,Dining Chair,8
CUST9189,Byron Emperador Dining Table,84'' Dining Table,1
CUST9189,Arno Fabric Dining Armchair,Dining Chair,8
CUST9189,Aero Wood Round Dining Table,50'' Bistro Table,1
CUST9189,Nicola Track Vegan Leather Dining Side Chair,Dining Chair,4
CUST9189,Orizaba Rectangular Fire Table,56'' W Fire Table,3
CUST9189,Maxwell Leather Right-Arm Bench-Seat L-Sectional,Luxe 12'' Sectional,2
CUST9189,Kyoto Closed Nightstand,32'' Nightstand,2
CUST9189,Orizaba Rectangular Fire Table,72'' W Fire Table,1
CUST9189,Byron Canopy Bed,Cal King Bed 102'',3
CUST9189,Maxwell Leather Right-Arm Bench-Seat L-Sectional,Classic 72'' Sectional,2
CUST7026,Aero Wood Round Dining Table,42'' Bistro Table,1
CUST7026,Nicola Track Vegan Leather Dining Side Chair,Dining Chair,4
CUST7026,Ligné Panel Bed with Footboard,Queen Bed,3
CUST7026,Byron Canopy Bed,King Bed 90'',1
CUST7026,Byron Canopy Bed,Cal King Bed 90'',3
CUST7026,Noemi Torchiere Floor Lamp,Burnished Brass,1
CUST7026,Maxwell Leather Right-Arm Bench-Seat L-Sectional,Classic 72'' Sectional,1
CUST7026,Nicola Track Vegan Leather Dining Side Chair,Dining Side Chair,2
CUST7026,Maxwell Leather Right-Arm Bench-Seat L-Sectional,Luxe 108'' Sectional,3
CUST4928,Byron Emperador Dining Table,96'' Dining Table,1
CUST4928,Arno Fabric Dining Armchair,Dining Chair,8
CUST4928,Aero Wood Round Dining Table,36'' Bistro Table,1
CUST4928,Nicola Track Vegan Leather Dining Side Chair,Dining Chair,4
CUST4928,Reclaimed Oak Reeded Round Dining Table,48'' Table,1
CUST4928,Nicola Track Vegan Leather Dining Side Chair,Dining Chair,4
CUST4928,Ligné Panel Bed with Footboard,Queen Bed,3
CUST4928,Melbourne Bar Cabinet,Bar Cabinet,1
CUST4928,Aurelie Fabric Dining Side Chair,Dining Side Chair,2
CUST6446,Byron Emperador Dining Table,96'' Dining Table,1
CUST6446,Arno Fabric Dining Armchair,Dining Chair,8
CUST6446,Reclaimed Oak Reeded Round Dining Table,48'' Table,1
CUST6446,Nicola Track Vegan Leather Dining Side Chair,Dining Chair,4
CUST6446,Byron Emperador Dining Table,72'' Dining Table,1
CUST6446,Arno Fabric Dining Armchair,Dining Chair,4
CUST6446,Byron Canopy Bed,King Bed 102'',1
CUST6446,Arno Fabric Bar & Counter Stool,Counter Stool 36 1/4'' H,3
CUST6446,Maxwell Leather Right-Arm Bench-Seat L-Sectional,Luxe 108'' Sectional,3
CUST6446,Ligné Panel Bed with Footboard,King Bed,1
CUST6446,Byron Canopy Bed,Cal King Bed 102'',1
CUST6446,Byron Canopy Bed,King Bed 90'',1
CUST6446,Thaddeus Curved Leather Dining Armchair,Dining Armchair,2
CUST6446,Mycena Obelisk Stone Table Lamp,19'' Lamp,1
CUST6446,Maxwell Leather Right-Arm Bench-Seat L-Sectional,Classic 72'' Sectional,2
CUST6446,Arno Fabric Bar & Counter Stool,Barstool 40 1/4'' H,1
CUST6446,Mycena Obelisk Stone Table Lamp,24'' Lamp,1
CUST6446,Maxwell Leather Sofa,Classic 6' Sofa,1
